"","Parameter","Estimate","se","n_eff","Rhat","CI","p"
"1","Intercept",28.246547744915,0.783764862111117,1749.57709026791,0.999695002520839,"[-27.69, 98.93]",""
"2","year",-0.0139193156752397,0.000388530055426562,1752.93435572326,0.999682652592035,"[-0.05, 0.01]",""
"3","dose",0.00111396893648699,5.56481878136038e-05,754.701518229909,1.00474063785792,"[-0.00, 0.00]",""
"4","dose2",-1.39074855516184e-06,6.37019888990762e-08,626.490275295174,1.00577274600839,"[-0.00, 0.00]",""
"5","sexMale",0.305806823043157,0.00940801095794232,1917.58389963711,1.00109665971227,"[-0.36, 1.21]",""
"6","anxiety_testSPECT",0.281555329362305,0.00825181463869555,2924.80615955389,0.999828992502409,"[-0.45, 1.29]",""
"7","anxiety_testfaces",0.0313639188981009,0.00722426204743514,2907.05465624303,1.00054375226767,"[-0.81, 0.90]",""
"8","tau2",0.0928863700772861,0.00316300712091813,1377.13616904771,1.00403150607208,"[0.00, 0.39]","*"
