"","Parameter","Estimate","se","n_eff","Rhat","CI","p"
"1","Intercept",151.462678109103,5.22622158866935,2141.00291847703,1.00373120982036,"[-326.77, 658.89]",""
"2","year",-0.075289648388559,0.00259238171562831,2139.9426894404,1.003731601632,"[-0.33, 0.16]",""
"3","hed",0.0572210672845079,0.00663662570194725,2872.86886975888,1.00029838927018,"[-0.66, 0.87]",""
"4","timingdelay",0.140029621451116,0.00650795526318876,2502.88249659266,1.00008706353604,"[-0.44, 0.90]",""
"5","diseaseNo",0.101596557283877,0.010318306448585,2568.65109991806,0.999862634620933,"[-0.98, 1.23]",""
"6","speciesrats",-0.0148730147749476,0.0101342227821163,3072.08393648047,0.999486816731372,"[-1.28, 1.22]",""
"7","frequencyMD",1.06961660016926,0.0119127893689534,1491.36006562171,1.00164863209846,"[0.05, 1.90]","*"
"8","tau2_w",0.352989177476503,0.00569963332530101,1285.86530210696,0.99972398773885,"[0.08, 0.85]","*"
"9","tau2_b",1.69454765793439,0.046697740826467,2114.67274933604,1.00408246921317,"[0.05, 7.39]","*"
