"","Parameter","Estimate","se","n_eff","Rhat","CI","p"
"1","year",0.0255234794094365,0.000997399388325601,1581.56608455911,1.00256218027753,"[-0.04, 0.12]",""
"2","dose",0.0632423097356068,0.00398106467125055,1098.74570455279,1.00364389928074,"[-0.15, 0.42]",""
"3","dose2",-0.00105304613941478,6.3371277080742e-05,1825.40168607942,1.00087404687651,"[-0.01, 0.00]",""
"4","hed",-0.0720125968153786,0.0262423161181162,665.264229145841,1.00903333004813,"[-1.75, 1.18]",""
"5","hed2",0.261057947681346,0.0128059808647187,1542.53770043307,1.00328972190837,"[-0.44, 1.57]",""
"6","tau2",0.528198968050761,0.00620189762984894,1255.09854505882,1.00095306269897,"[0.20, 1.05]","*"
