"","Parameter","Estimate","se","n_eff","Rhat","CI","p"
"1","Intercept",-34.5765655104067,2.21925505863445,2462.47813902721,0.999977859269352,"[-295.70, 184.84]",""
"2","year",0.0169335057469256,0.00110401864186962,2465.29985107696,0.999977982203544,"[-0.09, 0.15]",""
"3","hed",0.354505755558795,0.00857107795090929,2007.06858977504,0.999615913030445,"[-0.22, 1.20]",""
"4","diseaseYes",0.068243821391362,0.00863729231676763,2756.79858578641,1.00041142582946,"[-0.90, 1.18]",""
"5","speciesmice",0.033812380286165,0.00706002984705747,1942.13030631508,1.00040381272734,"[-0.66, 0.72]",""
"6","tau2_w",0.262868705821012,0.00474336430862877,1191.07567771855,1.0041127094826,"[0.02, 0.67]","*"
"7","tau2_b",0.632027393759118,0.0166774841783696,1333.34572517701,1.00233198641824,"[0.08, 2.07]","*"
