"","Parameter","Estimate","se","n_eff","Rhat","CI","p"
"1","Intercept",15.9193629820773,0.969693055958846,2868.77683468727,0.999537309592759,"[-81.83, 139.08]",""
"2","year",-0.00761912699466905,0.000484282064932763,2854.24576382546,0.999540815337455,"[-0.07, 0.04]",""
"3","dose",0.000449595451212106,2.66811960803964e-05,1861.67551274219,1.00232310217653,"[-0.00, 0.00]",""
"4","dose2",-7.36637841129122e-07,2.86935086362897e-08,1787.83777022066,1.00234402799726,"[-0.00, 0.00]",""
"5","sexMale",0.175695796199626,0.00833980832745849,2609.16647428818,1.00033674857887,"[-0.57, 1.23]",""
"6","anxiety_testSPECT",0.170341724278012,0.00860858404255338,2365.06527920691,1.00049432889396,"[-0.53, 1.24]",""
"7","anxiety_testfaces",0.0326742703871317,0.00733753311470409,3173.39295163234,0.999939646987481,"[-0.86, 1.04]",""
"8","tau2_w",0.0664736794874365,0.00229828483662783,1742.8999756871,1.00035153920566,"[0.00, 0.33]","*"
"9","tau2_b",0.635979012607064,0.0246003448262939,1575.94150668194,1.00063173178674,"[0.01, 3.31]","*"
