"","Parameter","Estimate","se","n_eff","Rhat","CI","p"
"1","year",-0.116141416930339,0.00216767431104826,1038.29835526087,1.00138939101395,"[-0.25, 0.01]",""
"2","dose",0.0279541634663167,0.00238148175635461,1951.05846586143,1.00262972182997,"[-0.17, 0.28]",""
"3","dose2",0.000100470630629373,7.1455266540586e-05,1163.50341435045,1.00287340051736,"[-0.00, 0.01]",""
"4","hed",-0.00982653039272265,0.0102014115990468,2472.52958108799,1.00015591314462,"[-1.18, 1.09]",""
"5","hed2",-0.112569935475885,0.0187183182181459,1336.38608497419,1.00058570007659,"[-1.68, 1.35]",""
"6","timingdelay",0.0681331557816222,0.00547027680103032,2339.16880352178,0.999720533617203,"[-0.42, 0.72]",""
"7","frequencySD",-0.182783949323622,0.00510819447613986,1490.01173886492,1.00167045073619,"[-0.63, 0.10]",""
"8","tau2",0.700545741193992,0.00812031141005923,1147.96005183115,1.00467267625786,"[0.31, 1.39]","*"
