"","Parameter","Estimate","se","n_eff","Rhat","CI","p"
"1","Intercept",51.34968612817,9.57806203438761,555.357716034054,1.00572076139096,"[-420.75, 606.06]",""
"2","pubyear",-0.0251684267546382,0.00475406911985389,555.361651018438,1.00570870384404,"[-0.30, 0.21]",""
"3","dose",3.68779123210767e-05,6.78035263131131e-06,2785.09214323624,1.00007522527912,"[-0.00, 0.00]",""
"4","dose2",-2.64289760421819e-06,5.23132897901814e-08,1892.29109998025,0.999843543198002,"[-0.00, 0.00]",""
"5","sexMale.anxiety_testSPECT.imaging..subjective.assessments.taken.beforehand.",-0.0125158139789837,0.0140726694793553,853.875511473894,1.00306573019868,"[-0.94, 0.84]",""
"6","diseaseYes",0.0693844720307609,0.00933747073742082,2382.05616006779,1.00117497702405,"[-0.87, 1.15]",""
"7","tau2_w",0.0510270121694285,0.00154870372978294,2370.3996174841,1.0020293822709,"[0.00, 0.26]","*"
"8","tau2_b",1.06465970336111,0.154426918640202,199.39886986248,1.01815536081941,"[0.00, 7.74]","*"
