"","Parameter","Estimate","se","n_eff","Rhat","CI","p"
"1","year",-0.0128292040735975,0.000327653116986921,2340.75545407963,1.00012565082358,"[-0.05, 0.02]",""
"2","dose",0.000909505640089156,3.99542110431724e-05,1186.53774729107,1.00093762127179,"[-0.00, 0.00]",""
"3","dose2",-1.18689218003534e-06,4.15134135456754e-08,1162.08824176117,1.00087598612556,"[-0.00, 0.00]",""
"4","sexMale",0.0693112052921523,0.00629317162145106,2457.02496778524,0.999909500197617,"[-0.59, 0.76]",""
"5","sexBoth.anxiety_testspeaking",-0.441798723145787,0.00341131908923075,1828.51618519803,1.00036535934201,"[-0.71, -0.11]","*"
"6","anxiety_testSPECT",0.158736823706184,0.00721754418239805,2440.56914406141,0.999985151530432,"[-0.46, 1.02]",""
"7","anxiety_testfaces",-0.0325957232609208,0.00601959446506528,3397.68386373438,0.999784162116101,"[-0.82, 0.71]",""
"8","tau2",0.0907148126774347,0.00312667131960611,1331.7206246934,1.00290411241762,"[0.00, 0.39]","*"
