"","Parameter","Estimate","se","n_eff","Rhat","CI","p"
"1","Intercept",-41.0707564437492,2.1657898176893,2339.51783099461,1.00145885505684,"[-288.74, 140.19]",""
"2","year",0.0211783376891927,0.00108290007613035,2329.75147071984,1.00152511836154,"[-0.07, 0.14]",""
"3","dose",0.0602101934084857,0.00251095032270307,2632.62628462896,1.00186768431126,"[-0.14, 0.38]",""
"4","dose2",-0.000766271615844028,5.59264658436002e-05,2539.39746939362,0.999741926365694,"[-0.01, 0.00]",""
"5","hed",0.136455717993693,0.0106404731324062,3380.19990338646,0.99991265569874,"[-1.08, 1.64]",""
"6","hed2",0.268025342782477,0.0112528326154061,2006.17023446441,0.999991538393018,"[-0.44, 1.56]",""
"7","tau2_w",0.23936610558996,0.00482255740483897,1062.02526607625,1.00421052932947,"[0.02, 0.63]","*"
"8","tau2_b",0.633718522985713,0.0165601785402699,1669.88090116691,1.0000991707313,"[0.08, 2.27]","*"
