"Group","Median"
"mice",0.705982299530432
"rats",0.692795348627615
