"Group","Median"
"AA",0.596410259417387
"NSF",0.293664176370577
"RCLB",0.766422082939369
