"Group","Median"
"acute",0.297133871947747
"delay",0.409013482336265
