"Group","Median"
"mice",0.330550486675233
"rats",0.280251244990089
