"Group","Median"
"MD",0.544159352124161
"SD",0.560332348575371
