"Group","Median"
"Female",0.658328443513125
"Male",0.799403802247057
"NI",1.03367302858942
