"Group","Median"
"MD",0.265565548185877
"SD",0.862492461123665
