"Group","Median"
"Female",0.390735849106138
"Male",0.569126317417031
