"Group","Median"
"No",0.294983254163796
"Yes",1.06022369702519
