"Group","Median"
"mice",0.432064826095828
"rats",0.881600954065185
