"Group","Median"
"AA",0.283423287033654
"ASR",0.239838522074157
"defense",0.596084936742887
"NSF",0.914880310280272
"RCLB",1.06142549364107
"SIT",0.132442725825697
