"Group","Median"
"mice",0.469853597325095
"rats",0.601222273934022
