"Group","Median"
"mice",0.595658433162226
"rats",0.364035838498705
