"Group","Median"
"Female",-0.00557542291374327
"Male",0.3455560045013
"Maleandfemale",0.145536349650134
