"Group","Median"
"No",0.536320300750322
"Yes",0.798624113054638
