"Group","Median"
"acute",0.827963700204139
"delay",-2.22281713263907
