"Group","Median"
"acute",0.564875446291059
"delay",0.535291088282611
