"Group","Median"
"mice",0.547835745086336
"rats",0.562958296409362
