"Group","Median"
"MD",0.775294191321777
"SD",0.831495447549774
