"Group","Median"
"Cricetidae",0.686852539123966
"mice",0.915111776004224
"rats",0.751490402680088
