"Group","Median"
"MD",0.314367441362371
"SD",0.328771887764254
