"Group","Median"
"No",0.700297222553573
"Yes",0.69271273469275
