"Group","Median"
"acute",0.611782621209961
"delay",0.321023220315189
