"Group","Median"
"AA",0.667726409615714
"ASR",0.789286240275619
"defense",0.636882134386709
"RCLB",0.876713538011447
