"Group","Median"
"No",0.662286053427091
"Yes",0.500096890234871
