"Group","Median"
"Male",0.993007720050527
"Male and female",0.515576829043926
