"Group","Median"
"acute",0.848830267730274
"delay",0.243890962258654
