"Group","Median"
"No",0.782252067223323
"Yes",1.12802882945175
