"Group","Median"
"AA",0.886869918018456
"defense",1.01086805714476
"Doxapram",0.618641725610799
"NSF",0.859150314999593
"SIT",-2.64637032530184
