"Group","Median"
"MD",0.310293154827603
"SD",0.678969571227664
