"Group","Median"
"MD",0.615720372480787
"SD",0.488677360540577
