"","Parameter","Estimate","p","sig","VIF","CI","Sample"
"1","year",0.0069846719115673,0.326676046787715,"",3275.29600571408,"[-0.01, 0.02]","AM404unconditioned"
"2","dose",1.1033930029823,0.409717709189316,"",19774.9464057608,"[-1.52, 3.73]","AM404unconditioned"
"3","dose2",0.0212359395807659,0.502887140621759,"",8069.87349699761,"[-0.04, 0.08]","AM404unconditioned"
"4","hed",-0.0947936189809669,0.943363004376926,"",39.8969735372026,"[-2.71, 2.52]","AM404unconditioned"
"5","hed2",0.0834678666086864,0.953721911452482,"",63.5466842283221,"[-2.74, 2.90]","AM404unconditioned"
"6","Tau2b",0.380139139658213,NA,"*",NA,"[0.07, 1.77]","AM404unconditioned"
"7","Tau2w",0.215160212846475,NA,"*",NA,"[0.02, 0.63]","AM404unconditioned"
