"","Parameter","Estimate","p","sig","VIF","CI","Sample"
"1","intrcpt",6.85441102270046,0.833701055783858,"",NA,"[-57.13, 70.84]","CBDhumanexperimental"
"2","year",-0.00300019935945372,0.853657763674316,"",1.38486115845607,"[-0.03, 0.03]","CBDhumanexperimental"
"3","dose",0.000617151159528394,0.212746225564049,"",2.08495200935384,"[-0.00, 0.00]","CBDhumanexperimental"
"4","dose2",-5.53657467380355e-06,0.0125524556346856,"*",3.03847139572866,"[-0.00, -0.00]","CBDhumanexperimental"
"5","sexMale",0.131606260847395,0.777023548673997,"",2.60866617467458,"[-0.78, 1.04]","CBDhumanexperimental"
"6","diseaseYes",-0.119278161728331,0.741943452312679,"",1.68512903702468,"[-0.83, 0.59]","CBDhumanexperimental"
"7","anxiety_testSPECT",0.494695861849262,0.403780684021323,"",2.43548364107489,"[-0.67, 1.66]","CBDhumanexperimental"
"8","Tau2b",0.00281458168617255,NA,"",NA,"[0.00, NA]","CBDhumanexperimental"
"9","Tau2w",0.00281458168617255,NA,"",NA,"[0.00, 0.32]","CBDhumanexperimental"
