"","Parameter","Estimate","p","sig","VIF","CI","Sample"
"1","year",-0.000575961796910333,4.76400746865334e-05,"*",8.46508741563364,"[-0.00, -0.00]","CBDhumanexperimental"
"2","dose",0.00496959330812578,0.00255670426190656,"*",73.4375541170414,"[0.00, 0.01]","CBDhumanexperimental"
"3","dose2",-5.3283693230395e-06,0.00126732379113319,"*",42.9481651379295,"[-0.00, -0.00]","CBDhumanexperimental"
"4","sexMale",0.18212766734377,0.672914110147053,"",2.68917126736515,"[-0.66, 1.03]","CBDhumanexperimental"
"5","anxiety_testSPECT",0.412376093326399,0.437940401918376,"",2.16574585846782,"[-0.63, 1.45]","CBDhumanexperimental"
"6","Tau2b",6.83436901780776e-10,NA,"",NA,"[0.00, 2.25]","CBDhumanexperimental"
"7","Tau2w",0,NA,"",NA,"[0.00, 0.21]","CBDhumanexperimental"
