"","Parameter","Estimate","p","sig","VIF","CI","Sample"
"1","year",-0.00382434362186144,0.653732953114265,"",812.780568920567,"[-0.02, 0.01]","PF3485unconditioned"
"2","dose",-0.808858917268404,0.628568240282114,"",5529.84404795763,"[-4.09, 2.47]","PF3485unconditioned"
"3","dose2",-0.0167986084754717,0.693727099033017,"",3338.35141181426,"[-0.10, 0.07]","PF3485unconditioned"
"4","hed",-0.534822949554771,0.759349174234355,"",20.7495654267297,"[-3.96, 2.89]","PF3485unconditioned"
"5","hed2",-1.16042214433105,0.700271084379175,"",88.0532232455396,"[-7.07, 4.75]","PF3485unconditioned"
"6","timingdelay",0.139606451488766,0.75349068555011,"",1.25004258151918,"[-0.73, 1.01]","PF3485unconditioned"
"7","frequencySD",-1.38022616490982,0.000935210078574895,"*",1.65473576415399,"[-2.20, -0.56]","PF3485unconditioned"
"8","Tau2b",1.67838066354037,NA,"*",NA,"[0.27, 17.11]","PF3485unconditioned"
"9","Tau2w",0.272507186435923,NA,"*",NA,"[0.07, 0.75]","PF3485unconditioned"
