"","Parameter","Estimate","p","sig","VIF","CI","Sample"
"1","intrcpt",-79.2001716999433,0.573337736872537,"",NA,"[-354.85, 196.45]","AM404unconditioned"
"2","year",0.0453157088108203,0.510289454891435,"",1.04384140457834,"[-0.09, 0.18]","AM404unconditioned"
"3","dose",0.929323824788062,0.503474008917578,"",686.492855416308,"[-1.79, 3.65]","AM404unconditioned"
"4","dose2",0.0168929120370244,0.608758600713086,"",842.729817519505,"[-0.05, 0.08]","AM404unconditioned"
"5","hed",-0.0859368798918512,0.949686472662158,"",11.8604932649249,"[-2.76, 2.58]","AM404unconditioned"
"6","hed2",0.2403156640555,0.871059106864194,"",25.3932229005083,"[-2.66, 3.14]","AM404unconditioned"
"7","Tau2b",0.421707511654413,NA,"*",NA,"[0.07, 2.20]","AM404unconditioned"
"8","Tau2w",0.219610962546541,NA,"*",NA,"[0.02, 0.64]","AM404unconditioned"
