"","Parameter","Estimate","p","sig","VIF","CI","Sample"
"1","intrcpt",-0.205806835442667,0.653977953203021,"",NA,"[-1.11, 0.69]","AM404conditioned"
"2","outcomeConditioned fear expression",-0.432236611894607,0.589001369222009,"",1.24834667578596,"[-2.00, 1.14]","AM404conditioned"
"3","outcomeRetention of safety learning;anxiety_testInhibitory.avoidance.task",0.631986687023763,0.229743891628564,"",1.31018306849609,"[-0.40, 1.66]","AM404conditioned"
"4","outcomeWithin-session fear extinction",0.631699785375711,0.0993749841702991,"",1.22757740350063,"[-0.12, 1.38]","AM404conditioned"
"5","hed2",0.742574567300106,0.285957420936944,"",1.25476823504658,"[-0.62, 2.11]","AM404conditioned"
"6","anxiety_testContextual fear conditioning",0.991092186248915,0.222117106393866,"",1.65125913606056,"[-0.60, 2.58]","AM404conditioned"
"7","outcomeWithin-session fear extinction:hed",-0.766081600745906,0.210926010284343,"",1.3868594506235,"[-1.97, 0.43]","AM404conditioned"
"8","Tau2b",0.207950689657592,NA,"",NA,"[0.00, 2.94]","AM404conditioned"
"9","Tau2w",2.13590021618597e-10,NA,"",NA,"[0.00, 0.79]","AM404conditioned"
