"","AIC","BIC","ll","LRT","p"
"Three-level model",595.97121231283,606.246062365274,-294.985606156415,NA,NA
"Within-studies variance constrained",637.564034547318,644.413934582281,-316.782017273659,43.592822234488,4.04319293077339e-11
"Between-studies variance constrained",666.15452552156,673.004425556523,-331.07726276078,72.1833132087301,1.96107042690259e-17
"Both variance components constrained",820.507938356339,823.932888373821,-409.25396917817,228.53672604351,2.36526869346067e-50
