"","AIC","BIC","ll","LRT","p"
"Three-level model",126.22671980008,132.137595540736,-60.1133599000398,NA,NA
"Within-studies variance constrained",124.226719789823,128.167303616927,-60.1133598949113,0,1
"Between-studies variance constrained",159.631397285776,163.57198111288,-77.8156986428879,35.4046774856961,2.67842883070856e-09
"Both variance components constrained",206.351692046026,208.321983959578,-102.175846023013,84.1249722459466,5.40125127280236e-19
