"","AIC","BIC","ll","LRT","p"
"Three-level model",423.064678504286,431.427153732632,-208.532339252143,NA,NA
"Within-studies variance constrained",556.109503766948,561.684487252512,-276.054751883474,135.044825262662,3.22798432009029e-31
"Between-studies variance constrained",450.7554835128,456.330466998364,-223.3777417564,29.6908050085141,5.06746171404164e-08
"Both variance components constrained",870.0870847315,872.874576474282,-434.04354236575,451.022406227213,1.1527334094014e-98
