"","AIC","BIC","ll","LRT","p"
"Three-level model",127.007191971086,133.188521002725,-60.503595985543,NA,NA
"Within-studies variance constrained",173.631290518729,177.752176539821,-84.8156452593643,48.6240985476425,3.10036042672219e-12
"Between-studies variance constrained",125.007191954361,129.128077975454,-60.5035959771806,0,1
"Both variance components constrained",226.537304835182,228.597747845728,-112.268652417591,103.530112864095,3.3015785639663e-23
